題目,A,B,C,D,,,,,,
意為煩苛酷虐的政令比老虎還凶猛可怕。,苛政猛於虎,草菅人命,三令五申,約法三章,,,,,,
比喻事情的好壞或成敗都由同一人造成的。,成也蕭何，敗也蕭何,蕭規曹隨,風行草偃,路不拾遺,,,,,,
比喻後人依循前人所訂的規章辦事。,蕭規曹隨,約法三章,三令五申,成也蕭何，敗也蕭何,,,,,,
比喻在上者可為非作歹，在下者卻受到種種的限制。,只許州官放火，不許百姓點燈,苛政猛於虎,草菅人命,風行草偃,,,,,,
比喻在上位者以德化民。,風行草偃,蕭規曹隨,摩頂放踵,路不拾遺,,,,,,
活動開始前，主辦單位和參賽者（　　），必須遵守時間、保持秩序，還有不能作弊。,約法三章,三令五申,苛政猛於虎,只許州官放火，不許百姓點燈,,,,,,
老師（　　）要我們按時完成作業，但還是有同學拖到期限過了還沒寫。,三令五申,約法三章,風行草偃,摩頂放踵,,,,,,
社會工作者在災區，為了安置災民、協助重建生活，即使（　　），也在所不辭。,摩頂放踵,草菅人命,路不拾遺,成也蕭何，敗也蕭何,,題目,A,B,C,D
:---,:---,:---,:---,:---,,,,,,
意為煩苛酷虐的政令比老虎還凶猛可怕。,苛政猛於虎,草菅人命,三令五申,約法三章,,,,,,
比喻事情的好壞或成敗都由同一人造成的。,成也蕭何，敗也蕭何,蕭規曹隨,風行草偃,路不拾遺,,,,,,
比喻後人依循前人所訂的規章辦事。,蕭規曹隨,約法三章,三令五申,成也蕭何，敗也蕭何,,,,,,
比喻在上者可為非作歹，在下者卻受到種種的限制。,只許州官放火，不許百姓點燈,苛政猛於虎,草菅人命,風行草偃,,,,,,
比喻在上位者以德化民。,風行草偃,蕭規曹隨,摩頂放踵,路不拾遺,,,,,,
活動開始前，主辦單位 and 參賽者（　　），必須遵守時間、保持秩序，還有不能作弊。,約法三章,三令五申,苛政猛於虎,只許州官放火，不許百姓點燈,,,,,,
老師（　　）要我們按時完成作業，但還是有同學拖到期限過了還沒寫。,三令五申,約法三章,風行草偃,摩頂放踵,,,,,,
社會工作者在災區，為了安置災民、協助重建生活，即使（　　），也在所不辭。,摩頂放踵,草菅人命,路不拾遺,成也蕭何，敗也蕭何,,,,,,
暴君（　　），對百姓的生命毫不介意，濫殺無辜。,草菅人命,苛政猛於虎,只許州官放火，不許百姓點燈,摩頂放踵,,,,,,
,城市的治安良好，（　　），市民們都相當自律。,路不拾遺,風行草偃,約法三章,蕭規曹隨,我已經將您上傳的最新圖片題庫（包含「苛政猛於虎」、「蕭規曹隨」等 10 題成語題目）重新整理，並修正了干擾項。,,,,